{
    "nuc9-6": {
        "nuc9-3": 0.0,
        "nuc9-14": 0.0,
        "nuc9-18": 1.0,
        "nuc9-22": 0.0,
        "nuc9-24": 1.0,
        "nuc9-29": 0.0,
        "nuc9-33": 0.0,
        "nuc10-21": 1.0,
        "nuc10-26": 0.0,
        "nuc10-31": 0.0,
        "nuc10-35": 0.0
    },
    "nuc9-14": {
        "nuc9-3": 0.9966666666666667,
        "nuc9-6": 0.9933333333333334,
        "nuc9-18": 0.9966666666666667,
        "nuc9-22": 0.4562841530054645,
        "nuc9-24": 0.9533333333333334,
        "nuc9-29": 0.0,
        "nuc9-33": 0.0,
        "nuc10-21": 0.0,
        "nuc10-26": 0.0,
        "nuc10-31": 0.9966666666666667,
        "nuc10-35": 0.9933333333333334
    },
    "nuc9-18": {
        "nuc9-3": 0.0,
        "nuc9-6": 1.0,
        "nuc9-14": 1.0,
        "nuc9-22": 0.7894808743169399,
        "nuc9-24": 0.6963570127504554,
        "nuc9-29": 0.0,
        "nuc9-33": 0.9634426229508197,
        "nuc10-21": 0.0,
        "nuc10-26": 0.0,
        "nuc10-31": 0.0,
        "nuc10-35": 0.0
    },
    "nuc9-22": {
        "nuc9-3": 0.4633879781420765,
        "nuc9-6": 0.0,
        "nuc9-14": 0.0,
        "nuc9-18": 0.0,
        "nuc9-24": 0.0,
        "nuc9-29": 0.0,
        "nuc9-33": 0.0,
        "nuc10-21": 0.0,
        "nuc10-26": 0.0,
        "nuc10-31": 0.0,
        "nuc10-35": 0.0
    },
    "nuc9-24": {
        "nuc9-3": 0.0,
        "nuc9-6": 0.0,
        "nuc9-14": 0.0,
        "nuc9-18": 0.0,
        "nuc9-22": 0.0,
        "nuc9-29": 0.5813296903460837,
        "nuc9-33": 0.9666666666666666,
        "nuc10-21": 0.5563752276867031,
        "nuc10-26": 0.9566666666666667,
        "nuc10-31": 0.0,
        "nuc10-35": 0.0
    },
    "nuc9-29": {
        "nuc9-3": 0.0,
        "nuc9-6": 0.0,
        "nuc9-14": 0.9966666666666667,
        "nuc9-18": 0.0,
        "nuc9-22": 0.0,
        "nuc9-24": 0.0,
        "nuc9-33": 0.0,
        "nuc10-21": 0.0,
        "nuc10-26": 0.0,
        "nuc10-31": 0.0,
        "nuc10-35": 0.0
    },
    "nuc9-33": {
        "nuc9-3": 0.3526867030965392,
        "nuc9-6": 0.0,
        "nuc9-14": 0.0,
        "nuc9-18": 0.9503825136612022,
        "nuc9-22": 0.31124772313296906,
        "nuc9-24": 0.0,
        "nuc9-29": 0.0,
        "nuc10-21": 0.0,
        "nuc10-26": 0.0,
        "nuc10-31": 0.9966666666666667,
        "nuc10-35": 0.0
    },
    "nuc10-21": {
        "nuc9-3": 0.0,
        "nuc9-6": 0.0,
        "nuc9-14": 0.0,
        "nuc9-18": 0.0,
        "nuc9-22": 0.0,
        "nuc9-24": 0.0,
        "nuc9-29": 0.0,
        "nuc9-33": 0.0,
        "nuc10-26": 0.96,
        "nuc10-31": 0.0,
        "nuc10-35": 0.0
    },
    "nuc10-26": {
        "nuc9-3": 0.0,
        "nuc9-6": 0.0,
        "nuc9-14": 0.0,
        "nuc9-18": 0.0,
        "nuc9-22": 0.0,
        "nuc9-24": 0.0,
        "nuc9-29": 0.0,
        "nuc9-33": 0.0,
        "nuc10-21": 0.0,
        "nuc10-31": 1.0,
        "nuc10-35": 0.9833879781420766
    },
    "nuc10-31": {
        "nuc9-3": 0.0,
        "nuc9-6": 0.0,
        "nuc9-14": 0.8410928961748635,
        "nuc9-18": 0.0,
        "nuc9-22": 0.0,
        "nuc9-24": 0.0,
        "nuc9-29": 0.3497267759562841,
        "nuc9-33": 0.9966666666666667,
        "nuc10-21": 0.013797814207650272,
        "nuc10-26": 0.0,
        "nuc10-35": 0.8733333333333334
    },
    "nuc10-35": {
        "nuc9-3": 0.0,
        "nuc9-6": 0.0,
        "nuc9-14": 0.0,
        "nuc9-18": 0.0,
        "nuc9-22": 0.0,
        "nuc9-24": 0.0,
        "nuc9-29": 0.0,
        "nuc9-33": 0.0,
        "nuc10-21": 0.0,
        "nuc10-26": 0.9933333333333334,
        "nuc10-31": 0.0
    },
    "nuc9-3": {
        "nuc9-6": 0.9800000000000001,
        "nuc9-14": 0.0,
        "nuc9-18": 0.0,
        "nuc9-22": 0.0,
        "nuc9-24": 0.0,
        "nuc9-29": 0.99,
        "nuc9-33": 0.0,
        "nuc10-21": 0.0,
        "nuc10-26": 0.0,
        "nuc10-31": 0.0,
        "nuc10-35": 0.0
    }
}