{
    "nuc9-6": {
        "nuc9-3": 1.0,
        "nuc10-31": 0.16775956284153004,
        "nuc10-35": 0.9833333333333334,
        "nuc9-14": 0.9766666666666666,
        "nuc9-18": 0.9933333333333334,
        "nuc9-22": 0.9800000000000001,
        "nuc9-24": 0.9700000000000001,
        "nuc9-29": 0.0,
        "nuc9-33": 0.9833333333333334,
        "nuc10-21": 0.9800000000000001,
        "nuc10-26": 0.0
    },
    "nuc9-14": {
        "nuc9-3": 0.9933879781420766,
        "nuc9-6": 0.9800000000000001,
        "nuc10-31": 0.97,
        "nuc10-35": 0.9634972677595629,
        "nuc9-18": 0.9700000000000001,
        "nuc9-22": 0.95,
        "nuc9-24": 0.9700000000000001,
        "nuc9-29": 0.96,
        "nuc9-33": 0.9533333333333334,
        "nuc10-21": 0.89,
        "nuc10-26": 0.9566666666666667
    },
    "nuc9-18": {
        "nuc9-3": 0.9666666666666666,
        "nuc9-6": 0.9566666666666667,
        "nuc10-31": 0.0,
        "nuc10-35": 0.9466666666666667,
        "nuc9-14": 0.96,
        "nuc9-22": 0.9533333333333334,
        "nuc9-24": 0.9633333333333333,
        "nuc9-29": 0.9566666666666667,
        "nuc9-33": 0.9533333333333334,
        "nuc10-21": 0.9666666666666666,
        "nuc10-26": 0.0
    },
    "nuc9-22": {
        "nuc9-3": 0.9702185792349727,
        "nuc9-6": 0.96,
        "nuc10-31": 0.9633333333333333,
        "nuc10-35": 0.0,
        "nuc9-14": 0.97,
        "nuc9-18": 0.9566666666666667,
        "nuc9-24": 0.9533333333333334,
        "nuc9-29": 0.9535519125683061,
        "nuc9-33": 0.9333333333333332,
        "nuc10-21": 0.97,
        "nuc10-26": 0.02204007285974499
    },
    "nuc9-24": {
        "nuc9-3": 0.9666666666666666,
        "nuc9-6": 0.95,
        "nuc10-31": 0.95,
        "nuc10-35": 0.0,
        "nuc9-14": 0.9568852459016393,
        "nuc9-18": 0.9733333333333333,
        "nuc9-22": 0.9466666666666667,
        "nuc9-29": 1.0,
        "nuc9-33": 1.0,
        "nuc10-21": 1.0,
        "nuc10-26": 1.0
    },
    "nuc9-29": {
        "nuc9-3": 1.0,
        "nuc9-6": 0.0,
        "nuc10-31": 0.8060109289617486,
        "nuc10-35": 1.0,
        "nuc9-14": 1.0,
        "nuc9-18": 0.9766666666666666,
        "nuc9-22": 1.0,
        "nuc9-24": 1.0,
        "nuc9-33": 0.9966666666666667,
        "nuc10-21": 0.0,
        "nuc10-26": 0.7450819672131148
    },
    "nuc9-33": {
        "nuc9-3": 0.97,
        "nuc9-6": 0.9933333333333334,
        "nuc10-31": 0.96,
        "nuc10-35": 0.9866666666666667,
        "nuc9-14": 0.9866666666666667,
        "nuc9-18": 0.9833333333333332,
        "nuc9-22": 0.99,
        "nuc9-24": 0.9866666666666667,
        "nuc9-29": 0.9933333333333334,
        "nuc10-21": 0.0,
        "nuc10-26": 0.4047814207650273
    },
    "nuc10-21": {
        "nuc9-3": 0.0,
        "nuc9-6": 0.9801092896174864,
        "nuc10-31": 0.9633333333333333,
        "nuc10-35": 0.9799999999999999,
        "nuc9-14": 0.9,
        "nuc9-18": 0.96,
        "nuc9-22": 0.9833333333333332,
        "nuc9-24": 0.9833333333333332,
        "nuc9-29": 0.0,
        "nuc9-33": 0.0,
        "nuc10-26": 0.9700000000000001
    },
    "nuc10-26": {
        "nuc9-3": 0.0,
        "nuc9-6": 0.0,
        "nuc10-31": 0.9633333333333333,
        "nuc10-35": 0.9733333333333333,
        "nuc9-14": 0.9733333333333333,
        "nuc9-18": 0.0,
        "nuc9-22": 0.536976320582878,
        "nuc9-24": 0.9801639344262295,
        "nuc9-29": 0.97,
        "nuc9-33": 0.8118397085610201,
        "nuc10-21": 0.9833333333333334
    },
    "nuc10-31": {
        "nuc9-3": 0.89,
        "nuc9-6": 0.375,
        "nuc10-35": 1.0,
        "nuc9-14": 0.96,
        "nuc9-18": 0.0,
        "nuc9-22": 0.9799999999999999,
        "nuc9-24": 0.9533333333333334,
        "nuc9-29": 0.6404371584699453,
        "nuc9-33": 0.9766666666666666,
        "nuc10-21": 0.9733333333333334,
        "nuc10-26": 0.9634426229508197
    },
    "nuc10-35": {
        "nuc9-3": 1.0,
        "nuc9-6": 1.0,
        "nuc10-31": 1.0,
        "nuc9-14": 1.0,
        "nuc9-18": 0.9966666666666667,
        "nuc9-22": 0.0,
        "nuc9-24": 0.0,
        "nuc9-29": 1.0,
        "nuc9-33": 1.0,
        "nuc10-21": 1.0,
        "nuc10-26": 1.0
    },
    "nuc9-3": {
        "nuc9-6": 1.0,
        "nuc10-31": 0.96,
        "nuc10-35": 1.0,
        "nuc9-14": 1.0,
        "nuc9-18": 1.0,
        "nuc9-22": 1.0,
        "nuc9-24": 1.0,
        "nuc9-29": 1.0,
        "nuc9-33": 1.0,
        "nuc10-21": 0.0,
        "nuc10-26": 0.0
    }
}