{
    "nuc9-6": {
        "nuc9-3": 1.0,
        "nuc10-31": 0.22581967213114754,
        "nuc10-35": 0.9866666666666667,
        "nuc9-11": 0.99,
        "nuc9-14": 0.9933333333333334,
        "nuc9-22": 0.9933333333333334,
        "nuc9-24": 0.9833333333333332,
        "nuc9-29": 0.8773224043715848,
        "nuc9-33": 0.9666666666666666,
        "nuc10-21": 0.9668852459016394,
        "nuc10-26": 0.0
    },
    "nuc9-11": {
        "nuc9-3": 0.9866666666666667,
        "nuc9-6": 0.9766666666666668,
        "nuc10-31": 0.96,
        "nuc10-35": 0.04035909445745511,
        "nuc9-14": 0.9633333333333333,
        "nuc9-22": 0.9566666666666667,
        "nuc9-24": 0.96,
        "nuc9-29": 0.96,
        "nuc9-33": 0.9799999999999999,
        "nuc10-21": 0.9533333333333331,
        "nuc10-26": 0.9667213114754099
    },
    "nuc9-14": {
        "nuc9-3": 0.9434972677595628,
        "nuc9-6": 0.9566666666666667,
        "nuc10-31": 0.96,
        "nuc10-35": 0.9666666666666666,
        "nuc9-11": 0.9833333333333332,
        "nuc9-22": 0.9566666666666667,
        "nuc9-24": 0.9700000000000001,
        "nuc9-29": 0.9533333333333334,
        "nuc9-33": 0.97,
        "nuc10-21": 0.89,
        "nuc10-26": 0.97
    },
    "nuc9-22": {
        "nuc9-3": 0.9433333333333334,
        "nuc9-6": 0.9533333333333334,
        "nuc10-31": 0.9533333333333334,
        "nuc10-35": 0.0,
        "nuc9-11": 0.9766666666666668,
        "nuc9-14": 0.96,
        "nuc9-24": 0.9534972677595629,
        "nuc9-29": 0.95,
        "nuc9-33": 0.9634426229508197,
        "nuc10-21": 0.9566666666666667,
        "nuc10-26": 0.9602185792349728
    },
    "nuc9-24": {
        "nuc9-3": 0.9401639344262295,
        "nuc9-6": 0.95,
        "nuc10-31": 1.0,
        "nuc10-35": 0.0,
        "nuc9-11": 0.9833333333333334,
        "nuc9-14": 0.9566666666666667,
        "nuc9-22": 0.9566666666666667,
        "nuc9-29": 1.0,
        "nuc9-33": 1.0,
        "nuc10-21": 1.0,
        "nuc10-26": 1.0
    },
    "nuc9-29": {
        "nuc9-3": 1.0,
        "nuc9-6": 0.9033333333333335,
        "nuc10-31": 0.9533333333333334,
        "nuc10-35": 1.0,
        "nuc9-11": 1.0,
        "nuc9-14": 1.0,
        "nuc9-22": 0.9966666666666667,
        "nuc9-24": 1.0,
        "nuc9-33": 0.9866666666666667,
        "nuc10-21": 0.0,
        "nuc10-26": 0.0
    },
    "nuc9-33": {
        "nuc9-3": 0.9933333333333334,
        "nuc9-6": 0.9933333333333334,
        "nuc10-31": 0.9633879781420764,
        "nuc10-35": 0.9833333333333334,
        "nuc9-11": 0.9833333333333334,
        "nuc9-14": 0.9800000000000001,
        "nuc9-22": 0.9866666666666667,
        "nuc9-24": 0.9833333333333334,
        "nuc9-29": 1.0,
        "nuc10-21": 0.0,
        "nuc10-26": 0.9633333333333333
    },
    "nuc10-21": {
        "nuc9-3": 0.5455828779599271,
        "nuc9-6": 0.9766666666666666,
        "nuc10-31": 0.96,
        "nuc10-35": 0.9766666666666668,
        "nuc9-11": 0.9733333333333333,
        "nuc9-14": 0.7527777777777778,
        "nuc9-22": 0.9766666666666668,
        "nuc9-24": 0.9666666666666666,
        "nuc9-29": 0.0,
        "nuc9-33": 0.0,
        "nuc10-26": 0.9933333333333334
    },
    "nuc10-26": {
        "nuc9-3": 0.0,
        "nuc9-6": 0.0,
        "nuc10-31": 0.96,
        "nuc10-35": 0.9733333333333334,
        "nuc9-11": 0.9633333333333333,
        "nuc9-14": 0.97,
        "nuc9-22": 0.96,
        "nuc9-24": 0.97,
        "nuc9-29": 0.266783762685402,
        "nuc9-33": 0.9733333333333334,
        "nuc10-21": 0.9733333333333333
    },
    "nuc10-31": {
        "nuc9-3": 0.9733333333333333,
        "nuc9-6": 0.13239656518345042,
        "nuc10-35": 1.0,
        "nuc9-11": 0.9533333333333334,
        "nuc9-14": 0.96,
        "nuc9-22": 0.9668852459016393,
        "nuc9-24": 0.9566666666666667,
        "nuc9-29": 0.4984972677595629,
        "nuc9-33": 0.9566666666666667,
        "nuc10-21": 0.9633333333333333,
        "nuc10-26": 0.96
    },
    "nuc10-35": {
        "nuc9-3": 1.0,
        "nuc9-6": 1.0,
        "nuc10-31": 1.0,
        "nuc9-11": 0.9266666666666667,
        "nuc9-14": 1.0,
        "nuc9-22": 0.0,
        "nuc9-24": 0.0,
        "nuc9-29": 1.0,
        "nuc9-33": 1.0,
        "nuc10-21": 1.0,
        "nuc10-26": 1.0
    },
    "nuc9-3": {
        "nuc9-6": 1.0,
        "nuc10-31": 0.9933333333333334,
        "nuc10-35": 1.0,
        "nuc9-11": 1.0,
        "nuc9-14": 1.0,
        "nuc9-22": 0.9966666666666667,
        "nuc9-24": 1.0,
        "nuc9-29": 1.0,
        "nuc9-33": 1.0,
        "nuc10-21": 0.18950039032006244,
        "nuc10-26": 0.0
    }
}