{
    "nuc9-6": {
        "nuc9-3": 0.0,
        "nuc9-11": 0.0,
        "nuc9-14": 0.0,
        "nuc9-22": 0.6170960187353629,
        "nuc9-24": 0.0,
        "nuc9-29": 0.0,
        "nuc9-33": 0.0,
        "nuc10-21": 0.0,
        "nuc10-26": 0.0,
        "nuc10-31": 0.0,
        "nuc10-35": 0.0
    },
    "nuc9-11": {
        "nuc9-3": 0.5531225604996096,
        "nuc9-6": 0.0,
        "nuc9-14": 0.0,
        "nuc9-22": 0.8088342440801458,
        "nuc9-24": 1.0,
        "nuc9-29": 0.0,
        "nuc9-33": 0.0,
        "nuc10-21": 0.38847905282331513,
        "nuc10-26": 0.0,
        "nuc10-31": 0.0,
        "nuc10-35": 0.0
    },
    "nuc9-14": {
        "nuc9-3": 0.0,
        "nuc9-6": 0.9933333333333334,
        "nuc9-11": 1.0,
        "nuc9-22": 0.47279469164715066,
        "nuc9-24": 0.0,
        "nuc9-29": 0.9966666666666667,
        "nuc9-33": 0.0,
        "nuc10-21": 0.0,
        "nuc10-26": 0.0,
        "nuc10-31": 0.0,
        "nuc10-35": 0.9933333333333334
    },
    "nuc9-22": {
        "nuc9-3": 0.3913479052823315,
        "nuc9-6": 0.6074551131928182,
        "nuc9-11": 0.890655737704918,
        "nuc9-14": 0.465528233151184,
        "nuc9-24": 0.9966666666666667,
        "nuc9-29": 0.0,
        "nuc9-33": 0.17618397085610196,
        "nuc10-21": 0.0,
        "nuc10-26": 0.0,
        "nuc10-31": 0.0,
        "nuc10-35": 0.0
    },
    "nuc9-24": {
        "nuc9-3": 0.0,
        "nuc9-6": 0.0,
        "nuc9-11": 0.0,
        "nuc9-14": 0.8194444444444443,
        "nuc9-22": 0.0,
        "nuc9-29": 0.0,
        "nuc9-33": 0.0,
        "nuc10-21": 0.0,
        "nuc10-26": 0.5316029143897997,
        "nuc10-31": 0.0,
        "nuc10-35": 0.0
    },
    "nuc9-29": {
        "nuc9-3": 0.0,
        "nuc9-6": 0.0,
        "nuc9-11": 1.0,
        "nuc9-14": 0.0,
        "nuc9-22": 0.0,
        "nuc9-24": 0.0,
        "nuc9-33": 0.9966666666666667,
        "nuc10-21": 0.0,
        "nuc10-26": 0.0,
        "nuc10-31": 0.0,
        "nuc10-35": 0.0
    },
    "nuc9-33": {
        "nuc9-3": 0.34713114754098356,
        "nuc9-6": 0.0,
        "nuc9-11": 0.0,
        "nuc9-14": 0.0,
        "nuc9-22": 0.0,
        "nuc9-24": 0.0,
        "nuc9-29": 1.0,
        "nuc10-21": 0.0,
        "nuc10-26": 0.0,
        "nuc10-31": 0.9966666666666667,
        "nuc10-35": 0.0
    },
    "nuc10-21": {
        "nuc9-3": 0.0,
        "nuc9-6": 0.0,
        "nuc9-11": 0.0,
        "nuc9-14": 0.0,
        "nuc9-22": 0.0,
        "nuc9-24": 0.0,
        "nuc9-29": 0.0,
        "nuc9-33": 0.0,
        "nuc10-26": 0.9875,
        "nuc10-31": 0.038524590163934426,
        "nuc10-35": 0.0
    },
    "nuc10-26": {
        "nuc9-3": 0.0,
        "nuc9-6": 0.0,
        "nuc9-11": 0.0,
        "nuc9-14": 0.0,
        "nuc9-22": 0.0,
        "nuc9-24": 0.5289617486338797,
        "nuc9-29": 0.0,
        "nuc9-33": 0.0,
        "nuc10-21": 0.0,
        "nuc10-31": 0.0,
        "nuc10-35": 0.99
    },
    "nuc10-31": {
        "nuc9-3": 0.0,
        "nuc9-6": 0.0,
        "nuc9-11": 0.0,
        "nuc9-14": 0.0,
        "nuc9-22": 0.0,
        "nuc9-24": 0.0,
        "nuc9-29": 0.0,
        "nuc9-33": 0.0,
        "nuc10-21": 0.027550091074681243,
        "nuc10-26": 0.9634972677595629,
        "nuc10-35": 0.0
    },
    "nuc10-35": {
        "nuc9-3": 0.0,
        "nuc9-6": 0.0,
        "nuc9-11": 0.0,
        "nuc9-14": 0.9766666666666666,
        "nuc9-22": 0.0,
        "nuc9-24": 0.0,
        "nuc9-29": 0.0,
        "nuc9-33": 0.0,
        "nuc10-21": 0.35925058548009364,
        "nuc10-26": 0.0,
        "nuc10-31": 1.0
    },
    "nuc9-3": {
        "nuc9-6": 0.9466666666666667,
        "nuc9-11": 0.0,
        "nuc9-14": 0.0,
        "nuc9-22": 0.0,
        "nuc9-24": 0.0,
        "nuc9-29": 0.9966666666666667,
        "nuc9-33": 0.37201405152224826,
        "nuc10-21": 0.0,
        "nuc10-26": 0.0,
        "nuc10-31": 0.0,
        "nuc10-35": 0.8305555555555554
    }
}